{"results": {"Mimo-7B-SFT": {"RSA": 0.11979819615416713, "CKA": 0.5546637758655069, "VC": 0.986185053230407, "PS": 0.731578236353476}, "Mimo-VL-7B-SFT": {"RSA": 0.020267762175333312, "CKA": 0.5398709848624644, "VC": 1.3127076133442561, "PS": -0.13310286516367237}, "Mimo-embodied-7B": {"RSA": -0.28136381447256664, "CKA": 0.3152066219959696, "VC": 0.8773248031123652, "PS": 0.748435574554158}, "Qwen2.5-7B-Instruct": {"RSA": 0.08484252111380718, "CKA": 0.47826694303996403, "VC": 1.1829125139390413, "PS": 0.7552038133274135}, "Qwen2.5-VL-7B-Instruct": {"RSA": 0.4162331077653483, "CKA": 0.6129572793745287, "VC": 1.4036395929928904, "PS": 0.7541692555333128}, "RoboBrain2.0-7B": {"RSA": 0.7609696201292675, "CKA": 0.8599405486973437, "VC": 1.4570645452836395, "PS": 0.7527953831905675}}}